rt,response,phase,freqs,vindic,nTotal,nDiff,mask,prime,probe,age,gender,creditcardheight,creditcardwidht,cresponse,ACC
2142,z,testing,[1,1,1.148698354997035,1.3195079107728942,1.515716566510398,1.7411011265922482,2,2.2973967099940698,2.6390158215457884,3.0314331330207964,3.4822022531844965,4,4.59479341998814,5.278031643091577,6.062866266041593,6.964404506368992,8,9.18958683997628,10.556063286183154,12.125732532083186,13.928809012737984,16,18.37917367995256,21.112126572366314,24.251465064166364,27.85761802547597,32,36.75834735990512,42.22425314473263,48.50293012833273,55.71523605095194,64,73.51669471981025,84.44850628946526,111.43047210190387,128,147.0333894396205,168.89701257893051,194.0117205133309,222.86094420380775,256],[1,1,1,1,1,1,1,1,1,1,1,1,1,1,1,1,1,1,1,1,1,1,1,1,1,1,1,1,1,1,1,1,1,0,1,1,1,1,1,1,1],1,0,+,N,N,,,280,430,m,false
337,m,testing,[1,1.3195079107728942,2.6390158215457884,3.4822022531844965,4,5.278031643091577,6.062866266041593,10.556063286183154,12.125732532083186,13.928809012737984,24.251465064166364,27.85761802547597,32,36.75834735990512,42.22425314473263,55.71523605095194,64,84.44850628946526,97.00586025666546,194.0117205133309,222.86094420380775],[1,0,1,0,0,0,0,1,0,1,1,0,1,1,0,0,0,1,1,1,0,0,0,1,1,1,1,1,0,1,1,0,1,1,0,0,0,0,1,1,0],1,0,+,K,K,,,280,430,m,true
290,m,testing,[1,1,1.3195079107728942,2.6390158215457884,4,6.062866266041593,13.928809012737984,24.251465064166364,36.75834735990512,97.00586025666546,222.86094420380775],[1,0,1,0,0,0,0,1,0,0,1,0,0,1,0,0,0,0,0,1,0,0,0,1,0,0,1,0,0,0,0,0,0,1,0,0,0,0,0,1,0],1,0,+,G,G,,,280,430,m,true
323,m,testing,[1,2,2.6390158215457884,4,6.964404506368992,10.556063286183154,48.50293012833273,64,97.00586025666546,168.89701257893051,194.0117205133309],[1,0,0,0,0,1,0,1,0,0,1,0,0,0,1,0,0,1,0,0,0,0,0,0,0,0,0,0,1,0,1,0,0,1,0,0,0,1,1,0,0],1,0,+,N,N,,,280,430,m,true